[
    {
        "id": 1,
        "name": "Deep Emotion",
        "price": 200,
        "image": "image/1.png"
    },
    {
        "id": 2,
        "name": "Cute Bear",
        "price": 250,
        "image": "image/2.png"
    },
    {
        "id": 3,
        "name": "Thankful Flowers",
        "price": 290,
        "image": "image/3.png"
    },
    {
        "id": 4,
        "name": "A Life",
        "price": 200,
        "image": "image/4.png"
    },
    {
        "id": 5,
        "name": "Pearls",
        "price": 300,
        "image": "image/5.png"
    },
    {
        "id": 6,
        "name": "Sheep Sheep",
        "price": 200,
        "image": "image/6.png"
    },
    {
        "id": 7,
        "name": "Congratulations Cutie",
        "price": 200,
        "image": "image/7.png"
    },
    {
        "id": 8,
        "name": "Small Cute Bears",
        "price": 200,
        "image": "image/8.png"
    }
]